Season_End_Year,Squad,Comp,Player,Nation,Pos,Age,Born,Mins_Per_90,GA_Goals,PKA_Goals,FK_Goals,CK_Goals,OG_Goals,PSxG_Expected,PSxG_per_SoT_Expected,PSxG+_per__minus__Expected,_per_90_Expected,Cmp_Launched,Att_Launched,Cmp_percent_Launched,Att_Passes,Thr_Passes,Launch_percent_Passes,AvgLen_Passes,Att_Goal,Launch_percent_Goal,AvgLen_Goal,Opp_Crosses,Stp_Crosses,Stp_percent_Crosses,#OPA_Sweeper,#OPA_per_90_Sweeper,AvgDist_Sweeper,Url
2018,Augsburg,Bundesliga,Marwin Hitz,SUI,GK,29,1987,32,42,1,2,10,1,42.8,0.26,1.8,0.06,272,576,47.2,860,136,49.5,41.2,246,61,48.5,246,18,7.3,23,0.72,14.4,https://fbref.com/en/players/2e7ff968/Marwin-Hitz
2018,Augsburg,Bundesliga,Andreas Luthe,GER,GK,30,1987,2,4,1,0,1,0,3.4,0.41,-0.6,-0.31,13,29,44.8,66,12,36.4,35.8,14,35.7,39.3,20,4,20,3,1.5,16.5,https://fbref.com/en/players/7fe12375/Andreas-Luthe
2018,Bayern Munich,Bundesliga,Manuel Neuer,GER,GK,31,1986,3,2,0,0,0,0,1.5,0.19,-0.5,-0.17,18,28,64.3,73,8,35.6,34.3,8,25,32.6,5,0,0,1,0.33,12.1,https://fbref.com/en/players/8778c910/Manuel-Neuer
2018,Bayern Munich,Bundesliga,Tom Starke,GER,GK,36,1981,2,0,0,0,0,0,1.5,0.25,1.5,0.76,10,22,45.5,46,9,34.8,33.3,9,66.7,46.7,15,2,13.3,3,1.5,23.6,https://fbref.com/en/players/5b52d1f7/Tom-Starke
2018,Bayern Munich,Bundesliga,Sven Ulreich,GER,GK,28,1988,29,26,1,1,2,3,25,0.28,2,0.07,130,337,38.6,790,139,35.2,34.1,136,43.4,41.7,168,12,7.1,25,0.86,16.8,https://fbref.com/en/players/7d3e7da6/Sven-Ulreich
2018,Dortmund,Bundesliga,Roman Bürki,SUI,GK,26,1990,33,43,2,1,3,0,48.2,0.33,5.2,0.16,184,517,35.6,1027,169,35.7,36.1,219,68.5,55.2,268,27,10.1,38,1.15,17.5,https://fbref.com/en/players/9d12e142/Roman-Burki
2018,Dortmund,Bundesliga,Roman Weidenfeller,GER,GK,36,1980,1,4,0,0,1,0,3.4,0.49,-0.6,-0.58,4,26,15.4,34,1,55.9,40.3,8,87.5,60.8,7,0,0,1,1,17.4,https://fbref.com/en/players/16b8fabd/Roman-Weidenfeller
2018,Eint Frankfurt,Bundesliga,Lukáš Hrádecký,FIN,GK,27,1989,34,45,2,2,8,2,41,0.3,-2,-0.06,282,704,40.1,1060,164,50.8,41.5,216,76.9,58.9,301,24,8,35,1.03,15.2,https://fbref.com/en/players/ad3389d5/Lukas-Hradecky
2018,Freiburg,Bundesliga,Rafał Gikiewicz,POL,GK,29,1987,1.7,3,0,0,0,0,2.2,0.31,-0.8,-0.47,26,59,44.1,52,8,69.2,50.3,24,95.8,68.2,28,4,14.3,2,1.18,14.2,https://fbref.com/en/players/17376543/Rafal-Gikiewicz
2018,Freiburg,Bundesliga,Alexander Schwolow,GER,GK,25,1992,32.3,53,4,1,9,4,44.5,0.3,-4.5,-0.14,319,791,40.3,1022,116,52.4,42.7,288,88.5,66,326,19,5.8,30,0.93,18.2,https://fbref.com/en/players/0d55d942/Alexander-Schwolow
2018,Hamburger SV,Bundesliga,Christian Mathenia,GER,GK,25,1992,24,38,3,0,4,1,36.4,0.38,-0.6,-0.02,126,432,29.2,507,73,57.2,44.7,181,78.5,58.5,180,9,5,11,0.46,14.3,https://fbref.com/en/players/4a15e95b/Christian-Mathenia
2018,Hamburger SV,Bundesliga,Julian Pollersbeck,GER,GK,22,1994,10,15,0,1,1,0,16.4,0.36,1.4,0.14,80,213,37.6,481,46,38.3,36.7,63,46,44,72,9,12.5,20,2,18.8,https://fbref.com/en/players/d6f6ce93/Julian-Pollersbeck
2018,Hannover 96,Bundesliga,Michael Esser,GER,GK,29,1987,3,9,0,0,0,0,5.2,0.25,-3.8,-1.27,20,54,37,95,18,46.3,37.1,26,38.5,38.3,32,3,9.4,2,0.67,13.2,https://fbref.com/en/players/83e0eeb4/Michael-Esser
2018,Hannover 96,Bundesliga,Philipp Tschauner,GER,GK,31,1985,31,45,2,1,12,0,47.6,0.31,2.6,0.08,271,579,46.8,852,150,49.3,38.8,252,63.1,45.7,297,10,3.4,21,0.68,15.3,https://fbref.com/en/players/73e2f6eb/Philipp-Tschauner
2018,Hertha BSC,Bundesliga,Rune Jarstein,NOR,GK,32,1984,31,44,5,0,8,1,36.3,0.25,-6.7,-0.21,297,772,38.5,860,90,65.6,47.1,233,89.3,63,292,20,6.8,14,0.45,13.2,https://fbref.com/en/players/27d2618c/Rune-Jarstein
2018,Hertha BSC,Bundesliga,Thomas Kraft,GER,GK,29,1988,3,2,1,0,0,0,3.8,0.24,1.8,0.59,27,81,33.3,108,6,61.1,43.7,28,53.6,46.3,25,0,0,3,1,16,https://fbref.com/en/players/bb25c778/Thomas-Kraft
2018,Hoffenheim,Bundesliga,Oliver Baumann,GER,GK,27,1990,34,48,3,1,9,3,41.2,0.27,-3.8,-0.11,219,620,35.3,1175,174,40.8,35.9,230,61.3,48.7,311,20,6.4,37,1.09,15.6,https://fbref.com/en/players/47064058/Oliver-Baumann
2018,Köln,Bundesliga,Timo Horn,GER,GK,24,1993,34,70,8,0,7,0,71.8,0.33,1.8,0.05,293,755,38.8,774,82,66.3,48.9,279,86.7,61.7,370,28,7.6,33,0.97,15.7,https://fbref.com/en/players/3cd9e95a/Timo-Horn
2018,Leverkusen,Bundesliga,Bernd Leno,GER,GK,25,1992,33,40,5,2,3,0,34.5,0.3,-5.5,-0.17,216,578,37.4,982,131,44.6,38.8,225,62.2,50.6,223,12,5.4,32,0.97,18,https://fbref.com/en/players/2628fd2b/Bernd-Leno
2018,Leverkusen,Bundesliga,Ramazan Özcan,AUT,GK,33,1984,1,4,0,0,0,0,3.2,0.42,-0.8,-0.78,4,12,33.3,32,6,31.3,34.1,6,33.3,32.8,6,0,0,1,1,19.2,https://fbref.com/en/players/a165a577/Ramazan-Ozcan
2018,M'Gladbach,Bundesliga,Tobias Sippel,GER,GK,29,1988,4.8,10,0,0,0,0,9.9,0.41,-0.1,-0.02,34,90,37.8,148,14,45.3,41,29,79.3,58.2,41,2,4.9,6,1.25,18,https://fbref.com/en/players/0d8a37c2/Tobias-Sippel
2018,M'Gladbach,Bundesliga,Yann Sommer,SUI,GK,28,1988,29.2,42,4,0,6,1,40.9,0.27,-0.1,0,199,520,38.3,986,132,38.5,35.8,228,61.4,48.1,315,26,8.3,16,0.55,13.8,https://fbref.com/en/players/420c18a1/Yann-Sommer
2018,Mainz 05,Bundesliga,René Adler,GER,GK,32,1985,14,18,1,0,5,0,18.5,0.36,0.5,0.03,84,218,38.5,296,40,48,40.7,90,84.4,61.3,130,9,6.9,12,0.86,15.9,https://fbref.com/en/players/f71890f5/Rene-Adler
2018,Mainz 05,Bundesliga,Florian Müller,GER,GK,19,1997,5,7,0,0,2,0,6.1,0.3,-0.9,-0.18,31,98,31.6,119,24,52.9,42,41,85.4,60.6,51,1,2,3,0.6,13.6,https://fbref.com/en/players/cbac6ec9/Florian-Muller
2018,Mainz 05,Bundesliga,Robin Zentner,GER,GK,22,1994,15,27,4,1,3,1,25.2,0.34,-0.8,-0.06,97,298,32.6,387,79,53,42.4,124,75,57.3,116,11,9.5,19,1.27,15.6,https://fbref.com/en/players/5c4bf6ba/Robin-Zentner
2018,RB Leipzig,Bundesliga,Péter Gulácsi,HUN,GK,27,1990,33,52,5,0,9,0,50.9,0.33,-1.1,-0.03,226,550,41.1,871,142,46.3,39.9,196,75,55.2,278,24,8.6,32,0.97,17.1,https://fbref.com/en/players/bcb2ccd8/Peter-Gulacsi
2018,RB Leipzig,Bundesliga,Yvon Mvogo,SUI,GK,23,1994,1,1,0,0,0,0,1.2,0.29,0.2,0.16,7,14,50,32,5,31.3,29.9,4,100,70,6,0,0,4,4,21.7,https://fbref.com/en/players/dc29b608/Yvon-Mvogo
2018,Schalke 04,Bundesliga,Ralf Fährmann,GER,GK,28,1988,33.5,37,3,0,3,1,33.2,0.26,-2.8,-0.08,180,496,36.3,699,122,49.9,41.1,217,67.7,50.7,290,37,12.8,15,0.45,14.3,https://fbref.com/en/players/1e43fad8/Ralf-Fahrmann
2018,Schalke 04,Bundesliga,Alexander Nübel,GER,GK,20,1996,0.5,0,0,0,0,0,0.4,0.19,0.4,0.75,6,13,46.2,13,3,38.5,42.2,9,88.9,53.6,5,0,0,0,0,12.5,https://fbref.com/en/players/afb0c500/Alexander-Nubel
2018,Stuttgart,Bundesliga,Ron-Robert Zieler,GER,GK,28,1989,34,36,4,2,2,0,42.8,0.27,6.8,0.2,299,880,34,1015,111,63.6,46.8,279,83.9,62.8,359,28,7.8,23,0.68,14.9,https://fbref.com/en/players/a0606ae8/Ron-Robert-Zieler
2018,Werder Bremen,Bundesliga,Jiří Pavlenka,CZE,GK,25,1992,34,40,2,0,6,2,44.1,0.26,6.1,0.18,250,613,40.8,901,175,50.9,42.4,244,63.1,51.7,282,18,6.4,14,0.41,13.3,https://fbref.com/en/players/0a1cb833/Jiri-Pavlenka
2018,Wolfsburg,Bundesliga,Koen Casteels,BEL,GK,25,1992,34,48,6,1,5,2,51.3,0.31,5.3,0.16,269,704,38.2,1026,198,49.9,41.1,270,71.1,55.1,298,35,11.7,22,0.65,13.6,https://fbref.com/en/players/db401046/Koen-Casteels
2019,Augsburg,Bundesliga,Fabian Giefer,GER,GK,28,1990,4,7,0,0,1,0,5.5,0.31,-1.5,-0.36,28,63,44.4,85,15,55.3,44.1,24,66.7,54.7,38,0,0,0,0,10.3,https://fbref.com/en/players/fbefefdb/Fabian-Giefer
2019,Augsburg,Bundesliga,Gregor Kobel,SUI,GK,20,1997,15.4,42,1,1,9,1,31,0.35,-10,-0.65,83,235,35.3,408,72,41.2,37.2,116,57.8,49.8,143,14,9.8,16,1.04,14.7,https://fbref.com/en/players/cd59b9df/Gregor-Kobel
2019,Augsburg,Bundesliga,Andreas Luthe,GER,GK,31,1987,14.6,22,0,1,2,1,22.3,0.3,1.3,0.09,95,235,40.4,351,54,49.6,40.4,128,47.7,41.6,106,5,4.7,7,0.48,14.2,https://fbref.com/en/players/7fe12375/Andreas-Luthe
2019,Bayern Munich,Bundesliga,Manuel Neuer,GER,GK,32,1986,25.6,23,3,0,2,1,16.5,0.28,-5.5,-0.22,132,271,48.7,796,109,30.9,32.5,120,20.8,33.1,127,9,7.1,30,1.17,18.1,https://fbref.com/en/players/8778c910/Manuel-Neuer
2019,Bayern Munich,Bundesliga,Sven Ulreich,GER,GK,29,1988,8.4,9,2,1,1,0,7,0.3,-2,-0.24,26,62,41.9,218,56,25.2,29.5,36,19.4,33.3,33,0,0,8,0.95,17.4,https://fbref.com/en/players/7d3e7da6/Sven-Ulreich
2019,Dortmund,Bundesliga,Roman Bürki,SUI,GK,27,1990,32,40,4,1,7,0,37.9,0.28,-2.1,-0.07,167,474,35.2,842,169,38.5,36.5,224,67,51.6,276,16,5.8,25,0.78,15.6,https://fbref.com/en/players/9d12e142/Roman-Burki
2019,Dortmund,Bundesliga,Marwin Hitz,SUI,GK,30,1987,2,4,0,0,1,0,2.9,0.58,-1.1,-0.56,7,20,35,52,6,26.9,31.8,13,46.2,45.9,22,2,9.1,1,0.5,14,https://fbref.com/en/players/2e7ff968/Marwin-Hitz
2019,Düsseldorf,Bundesliga,Jaroslav Drobný,CZE,GK,38,1979,2,3,0,0,0,0,2.9,0.33,-0.1,-0.03,12,22,54.5,27,5,66.7,44.7,10,40,40.3,8,0,0,1,0.5,15.2,https://fbref.com/en/players/e4a30d8c/Jaroslav-Drobny
2019,Düsseldorf,Bundesliga,Michael Rensing,GER,GK,34,1984,32,62,7,1,8,0,54.2,0.31,-7.8,-0.24,244,600,40.7,688,145,47.8,40.7,320,84.7,60.2,336,27,8,4,0.13,12.7,https://fbref.com/en/players/c476b0c0/Michael-Rensing
2019,Eint Frankfurt,Bundesliga,Frederik Rønnow,DEN,GK,25,1992,1.4,0,0,0,0,0,1.6,0.21,1.6,1.2,16,40,40,39,2,74.4,52,12,91.7,63.8,8,0,0,0,0,13,https://fbref.com/en/players/a70b8345/Frederik-Ronnow
2019,Eint Frankfurt,Bundesliga,Kevin Trapp,GER,GK,28,1990,32.6,48,1,1,6,1,48,0.31,1,0.03,359,774,46.4,990,107,59.1,43.2,219,86.3,61.7,283,28,9.9,24,0.74,15.1,https://fbref.com/en/players/ce17b5eb/Kevin-Trapp
2019,Freiburg,Bundesliga,Mark Flekken,NED,GK,25,1993,1,1,0,0,0,0,0.9,0.17,-0.1,-0.15,8,13,61.5,24,1,41.7,37.2,5,60,53.6,3,0,0,0,0,13,https://fbref.com/en/players/a92ab7be/Mark-Flekken
2019,Freiburg,Bundesliga,Alexander Schwolow,GER,GK,26,1992,33,60,7,0,12,0,54.6,0.3,-5.4,-0.16,288,708,40.7,941,136,47.4,41,327,80.1,64.1,343,16,4.7,19,0.58,13.7,https://fbref.com/en/players/0d55d942/Alexander-Schwolow
2019,Hannover 96,Bundesliga,Michael Esser,GER,GK,30,1987,32,67,5,1,12,1,58.6,0.26,-6.4,-0.2,313,653,47.9,947,141,51.2,40.7,284,59.2,46.3,353,17,4.8,28,0.88,15,https://fbref.com/en/players/83e0eeb4/Michael-Esser
2019,Hannover 96,Bundesliga,Samuel Şahin-Radlinger,AUT,GK,25,1992,1,2,0,0,0,0,1.7,0.42,-0.3,-0.27,10,15,66.7,20,6,45,38.6,8,75,58.5,7,1,14.3,3,3,19.1,https://fbref.com/en/players/e385200c/Samuel-Sahin-Radlinger
2019,Hannover 96,Bundesliga,Philipp Tschauner,GER,GK,32,1985,1,3,1,0,0,0,2.8,0.4,-0.2,-0.19,2,9,22.2,19,3,36.8,35.5,8,25,32.3,2,0,0,0,0,7.3,https://fbref.com/en/players/73e2f6eb/Philipp-Tschauner
2019,Hertha BSC,Bundesliga,Rune Jarstein,NOR,GK,33,1984,30.5,48,2,1,6,2,47.5,0.32,1.5,0.05,369,818,45.1,884,102,63.8,45.9,277,91.7,64.1,270,32,11.9,15,0.49,13.8,https://fbref.com/en/players/27d2618c/Rune-Jarstein
2019,Hertha BSC,Bundesliga,Thomas Kraft,GER,GK,30,1988,3.5,9,2,0,0,0,5,0.3,-4,-1.13,38,86,44.2,94,7,63.8,43.7,29,89.7,61.7,18,1,5.6,1,0.29,13.7,https://fbref.com/en/players/bb25c778/Thomas-Kraft
2019,Hoffenheim,Bundesliga,Oliver Baumann,GER,GK,28,1990,33,51,6,0,5,1,52.5,0.3,2.5,0.08,210,453,46.4,1047,183,32.5,32.6,242,46.7,42.9,298,25,8.4,44,1.33,16.8,https://fbref.com/en/players/47064058/Oliver-Baumann
2019,Hoffenheim,Bundesliga,Gregor Kobel,SUI,GK,20,1997,1,1,1,0,0,0,1.7,0.13,0.7,0.71,15,30,50,37,3,67.6,47.2,5,100,66.2,10,1,10,2,2,16.5,https://fbref.com/en/players/cd59b9df/Gregor-Kobel
2019,Leverkusen,Bundesliga,Lukáš Hrádecký,FIN,GK,28,1989,32,49,3,2,10,2,40.9,0.3,-4.1,-0.13,238,509,46.8,1168,160,34.6,35,196,53.6,44.6,233,22,9.4,28,0.88,16,https://fbref.com/en/players/ad3389d5/Lukas-Hradecky
2019,Leverkusen,Bundesliga,Ramazan Özcan,AUT,GK,34,1984,2,5,1,0,1,0,5.5,0.35,0.5,0.26,14,40,35,53,7,58.5,45.9,9,100,67.3,16,0,0,1,0.5,15.2,https://fbref.com/en/players/a165a577/Ramazan-Ozcan
2019,M'Gladbach,Bundesliga,Yann Sommer,SUI,GK,29,1988,34,43,3,0,3,0,51.9,0.33,9.9,0.29,225,539,41.7,1334,190,31.6,33.6,262,45,42.2,290,25,8.6,26,0.76,14.6,https://fbref.com/en/players/420c18a1/Yann-Sommer
2019,Mainz 05,Bundesliga,Florian Müller,GER,GK,20,1997,24,43,3,0,6,0,39.2,0.33,-3.8,-0.16,173,453,38.2,622,104,47.1,41.3,207,77.3,58.8,226,7,3.1,19,0.79,15.5,https://fbref.com/en/players/cbac6ec9/Florian-Muller
2019,Mainz 05,Bundesliga,Robin Zentner,GER,GK,23,1994,10,14,0,1,2,0,15,0.3,1,0.1,54,187,28.9,256,54,44.1,39.3,91,81.3,63,111,15,13.5,8,0.8,14.7,https://fbref.com/en/players/5c4bf6ba/Robin-Zentner
2019,Nürnberg,Bundesliga,Fabian Bredlow,GER,GK,23,1995,12.5,28,1,0,2,0,18.8,0.3,-9.2,-0.74,65,200,32.5,350,43,40.6,37,115,50.4,47.8,107,4,3.7,6,0.48,12.9,https://fbref.com/en/players/d28339cb/Fabian-Bredlow
2019,Nürnberg,Bundesliga,Christian Mathenia,GER,GK,26,1992,21.5,40,1,1,6,2,41.8,0.35,3.8,0.18,191,506,37.7,678,94,50.9,43.2,218,73.9,58.3,308,37,12,6,0.28,12.1,https://fbref.com/en/players/4a15e95b/Christian-Mathenia
2019,RB Leipzig,Bundesliga,Péter Gulácsi,HUN,GK,28,1990,32.5,28,4,1,4,1,32.1,0.27,6.1,0.19,253,619,40.9,792,124,54.4,44.3,218,86.2,61.6,242,15,6.2,42,1.29,17.1,https://fbref.com/en/players/bcb2ccd8/Peter-Gulacsi
2019,RB Leipzig,Bundesliga,Yvon Mvogo,SUI,GK,24,1994,1.5,2,1,0,0,0,1.5,0.22,-0.5,-0.35,9,14,64.3,25,4,40,38.3,6,66.7,47.7,11,0,0,0,0,9.6,https://fbref.com/en/players/dc29b608/Yvon-Mvogo
2019,Schalke 04,Bundesliga,Ralf Fährmann,GER,GK,29,1988,16.3,26,2,1,4,1,25.4,0.32,0.4,0.03,114,256,44.5,396,68,46.2,40.6,118,61.9,49.4,138,12,8.7,15,0.92,17.2,https://fbref.com/en/players/1e43fad8/Ralf-Fahrmann
2019,Schalke 04,Bundesliga,Alexander Nübel,GER,GK,21,1996,17.6,29,3,0,0,0,28.3,0.33,-0.7,-0.04,129,297,43.4,394,57,48,41,133,81.2,57.9,145,10,6.9,5,0.28,13.9,https://fbref.com/en/players/afb0c500/Alexander-Nubel
2019,Stuttgart,Bundesliga,Ron-Robert Zieler,GER,GK,29,1989,34,70,2,2,6,5,59,0.33,-6,-0.18,246,746,33,908,124,58.6,45.2,300,71.3,57.6,310,13,4.2,34,1,16,https://fbref.com/en/players/a0606ae8/Ron-Robert-Zieler
2019,Werder Bremen,Bundesliga,Stefanos Kapino,GRE,GK,24,1994,0.5,1,0,0,0,0,0.5,0.19,-0.5,-0.96,1,4,25,13,7,23.1,31.2,3,33.3,39,5,0,0,0,0,7,https://fbref.com/en/players/62ba5881/Stefanos-Kapino
2019,Werder Bremen,Bundesliga,Jiří Pavlenka,CZE,GK,26,1992,33.1,47,3,2,5,0,45.8,0.29,-1.2,-0.04,257,565,45.5,920,157,43,38.4,303,55.8,46,308,17,5.5,16,0.48,14,https://fbref.com/en/players/0a1cb833/Jiri-Pavlenka
2019,Werder Bremen,Bundesliga,Luca Plogmann,GER,GK,18,2000,0.4,1,1,0,0,0,0.8,NA,-0.2,-0.45,1,1,100,3,2,0,15,2,50,34.5,3,1,33.3,0,0,17,https://fbref.com/en/players/206c37d3/Luca-Plogmann
2019,Wolfsburg,Bundesliga,Koen Casteels,BEL,GK,26,1992,25.5,39,4,3,2,0,44,0.34,5,0.19,217,477,45.5,991,150,36.8,37.7,200,56,50.1,243,28,11.5,23,0.9,14.8,https://fbref.com/en/players/db401046/Koen-Casteels
2019,Wolfsburg,Bundesliga,Pavao Pervan,AUT,GK,30,1987,8.5,11,0,0,1,0,13,0.32,2,0.23,80,163,49.1,274,37,42.3,38.6,73,64.4,53.2,87,6,6.9,2,0.24,11.6,https://fbref.com/en/players/c89e8aae/Pavao-Pervan
2020,Augsburg,Bundesliga,Tomáš Koubek,CZE,GK,26,1992,24,51,0,0,4,2,45.2,0.37,-3.8,-0.16,162,494,32.8,628,103,54.1,45.2,212,72.6,57.2,230,15,6.5,23,0.96,15.4,https://fbref.com/en/players/dc366c36/Tomas-Koubek
2020,Augsburg,Bundesliga,Andreas Luthe,GER,GK,32,1987,10,12,0,0,0,1,14,0.42,3,0.3,71,190,37.4,328,50,43.6,39.3,91,51.6,43,113,12,10.6,4,0.4,13.2,https://fbref.com/en/players/7fe12375/Andreas-Luthe
2020,Bayern Munich,Bundesliga,Manuel Neuer,GER,GK,33,1986,33,31,3,0,6,1,32.5,0.27,2.5,0.08,218,370,58.9,1267,202,26,30.1,179,22.3,29,195,13,6.7,54,1.64,19.3,https://fbref.com/en/players/8778c910/Manuel-Neuer
2020,Bayern Munich,Bundesliga,Sven Ulreich,GER,GK,30,1988,1,1,0,0,0,0,1.4,0.5,0.4,0.44,7,13,53.8,42,5,26.2,28.1,10,20,25.7,10,1,10,1,1,12,https://fbref.com/en/players/7d3e7da6/Sven-Ulreich
2020,Dortmund,Bundesliga,Roman Bürki,SUI,GK,28,1990,30.8,40,3,0,8,3,34.7,0.36,-2.3,-0.07,116,320,36.3,843,181,29.8,32.8,204,33.8,34.3,221,15,6.8,27,0.88,14.8,https://fbref.com/en/players/9d12e142/Roman-Burki
2020,Dortmund,Bundesliga,Marwin Hitz,SUI,GK,31,1987,3.2,1,0,0,0,0,2.7,0.39,1.7,0.54,9,24,37.5,75,14,20,31,25,36,39.8,21,2,9.5,4,1.24,17.5,https://fbref.com/en/players/2e7ff968/Marwin-Hitz
2020,Düsseldorf,Bundesliga,Florian Kastenmeier,GER,GK,22,1997,17,31,2,0,3,3,24.4,0.3,-3.6,-0.21,140,330,42.4,519,56,51.1,42.5,111,58.6,48.3,105,4,3.8,14,0.82,15.5,https://fbref.com/en/players/dc2e4736/Florian-Kastenmeier
2020,Düsseldorf,Bundesliga,Zack Steffen,USA,GK,24,1995,17,36,1,1,6,1,31.9,0.32,-3.1,-0.18,156,327,47.7,477,101,48.6,41.9,143,66.4,55.3,145,9,6.2,11,0.65,13.6,https://fbref.com/en/players/42130443/Zack-Steffen
2020,Eint Frankfurt,Bundesliga,Frederik Rønnow,DEN,GK,26,1992,9,14,2,0,0,0,15.7,0.3,1.7,0.19,89,187,47.6,282,38,53.2,40.7,62,59.7,46,72,5,6.9,4,0.44,13.9,https://fbref.com/en/players/a70b8345/Frederik-Ronnow
2020,Eint Frankfurt,Bundesliga,Kevin Trapp,GER,GK,29,1990,22,38,1,1,3,2,32,0.3,-4,-0.18,181,403,44.9,794,90,42.3,37.1,145,46.2,41.2,168,17,10.1,21,0.95,15.1,https://fbref.com/en/players/ce17b5eb/Kevin-Trapp
2020,Eint Frankfurt,Bundesliga,Felix Wiedwald,GER,GK,29,1990,3,8,0,0,2,0,6.7,0.32,-1.3,-0.43,26,52,50,79,14,49.4,38,24,54.2,41.8,28,2,7.1,3,1,16.1,https://fbref.com/en/players/e2d34771/Felix-Wiedwald
2020,Freiburg,Bundesliga,Mark Flekken,NED,GK,26,1993,10,14,0,0,1,0,16.4,0.23,2.4,0.24,82,206,39.8,324,41,43.8,40.1,111,57.7,51.5,93,3,3.2,2,0.2,12.5,https://fbref.com/en/players/a92ab7be/Mark-Flekken
2020,Freiburg,Bundesliga,Alexander Schwolow,GER,GK,27,1992,23.2,32,3,0,5,0,31.3,0.26,-0.7,-0.03,179,477,37.5,730,115,40.5,38,249,72.7,58.3,213,14,6.6,10,0.43,12.9,https://fbref.com/en/players/0d55d942/Alexander-Schwolow
2020,Freiburg,Bundesliga,Niclas Thiede,GER,GK,20,1999,0.8,1,0,0,0,0,1,0.24,0,-0.04,1,9,11.1,34,11,26.5,32.1,7,0,20.4,8,1,12.5,1,1.3,14.9,https://fbref.com/en/players/cac55e10/Niclas-Thiede
2020,Hertha BSC,Bundesliga,Rune Jarstein,NOR,GK,34,1984,28.3,46,7,3,6,2,38.8,0.25,-5.2,-0.19,290,620,46.8,786,122,57.6,43.1,221,75.6,53.4,281,27,9.6,16,0.57,12.9,https://fbref.com/en/players/27d2618c/Rune-Jarstein
2020,Hertha BSC,Bundesliga,Thomas Kraft,GER,GK,31,1988,4,9,0,0,2,0,7.1,0.35,-1.9,-0.48,38,88,43.2,96,15,64.6,45.4,33,78.8,55.3,44,2,4.5,4,1,17.2,https://fbref.com/en/players/bb25c778/Thomas-Kraft
2020,Hertha BSC,Bundesliga,Dennis Smarsch,GER,GK,20,1999,1.7,4,0,0,1,0,3.7,0.34,-0.3,-0.17,13,31,41.9,54,9,37,35.9,16,68.8,50.6,13,2,15.4,2,1.19,16.1,https://fbref.com/en/players/45f6f52b/Dennis-Smarsch
2020,Hoffenheim,Bundesliga,Oliver Baumann,GER,GK,29,1990,30,49,5,0,4,2,42.3,0.26,-4.7,-0.16,163,436,37.4,1038,181,32,32.7,265,39.2,36.7,308,16,5.2,33,1.1,15.3,https://fbref.com/en/players/47064058/Oliver-Baumann
2020,Hoffenheim,Bundesliga,Philipp Pentke,GER,GK,34,1985,4,4,1,0,0,0,6.1,0.26,2.1,0.51,20,54,37,133,23,33.1,33.5,29,34.5,37.1,47,3,6.4,8,2,16,https://fbref.com/en/players/c41f7379/Philipp-Pentke
2020,Köln,Bundesliga,Timo Horn,GER,GK,26,1993,34,69,4,1,11,2,53.1,0.32,-13.9,-0.41,311,630,49.4,892,99,53.9,42.2,298,50,40.7,270,18,6.7,14,0.41,14.1,https://fbref.com/en/players/3cd9e95a/Timo-Horn
2020,Leverkusen,Bundesliga,Lukáš Hrádecký,FIN,GK,29,1989,34,44,2,1,6,0,48.7,0.35,4.7,0.14,261,604,43.2,1362,205,37,35.7,234,42.7,38.9,218,21,9.6,29,0.85,15.8,https://fbref.com/en/players/ad3389d5/Lukas-Hradecky
2020,M'Gladbach,Bundesliga,Yann Sommer,SUI,GK,30,1988,34,40,1,1,3,0,44.3,0.28,4.3,0.13,230,486,47.3,1260,167,30.2,33.1,285,37.2,36.4,286,14,4.9,31,0.91,14.3,https://fbref.com/en/players/420c18a1/Yann-Sommer
2020,Mainz 05,Bundesliga,Florian Müller,GER,GK,21,1997,12.5,25,2,2,2,0,23.1,0.33,-1.9,-0.15,88,215,40.9,363,77,38.3,36.6,119,63.9,50.2,116,8,6.9,14,1.12,16.1,https://fbref.com/en/players/cbac6ec9/Florian-Muller
2020,Mainz 05,Bundesliga,Robin Zentner,GER,GK,24,1994,21.5,40,1,0,6,1,37,0.32,-2,-0.1,135,409,33,604,144,47.4,40.8,196,62.8,51.6,226,23,10.2,20,0.93,16.2,https://fbref.com/en/players/5c4bf6ba/Robin-Zentner
2020,Paderborn 07,Bundesliga,Jannik Huth,GER,GK,25,1994,6,17,1,0,1,0,11.7,0.34,-5.3,-0.88,34,83,41,205,37,33.7,34,49,28.6,33.4,44,4,9.1,4,0.67,15.8,https://fbref.com/en/players/e8fd2e5b/Jannik-Huth
2020,Paderborn 07,Bundesliga,Leopold Zingerle,GER,GK,25,1994,28,57,3,3,7,2,56.8,0.37,1.8,0.06,192,380,50.5,982,187,31.1,32.3,235,31.9,32.5,259,10,3.9,17,0.61,14,https://fbref.com/en/players/bf9d9070/Leopold-Zingerle
2020,RB Leipzig,Bundesliga,Péter Gulácsi,HUN,GK,29,1990,32,34,2,0,8,0,37.6,0.31,3.6,0.11,165,398,41.5,1042,183,30.5,33.1,226,35.4,35.2,243,19,7.8,48,1.5,17.2,https://fbref.com/en/players/bcb2ccd8/Peter-Gulacsi
2020,RB Leipzig,Bundesliga,Yvon Mvogo,SUI,GK,25,1994,2,3,0,0,0,0,1.7,0.34,-1.3,-0.64,7,18,38.9,69,9,21.7,29.7,10,30,29.4,13,1,7.7,2,1,16.1,https://fbref.com/en/players/dc29b608/Yvon-Mvogo
2020,Schalke 04,Bundesliga,Alexander Nübel,GER,GK,22,1996,25.7,40,4,1,6,2,37.2,0.3,-0.8,-0.03,169,443,38.1,802,111,39.7,37.9,207,60.4,47,213,10,4.7,16,0.62,14.6,https://fbref.com/en/players/afb0c500/Alexander-Nubel
2020,Schalke 04,Bundesliga,Markus Schubert,GER,GK,21,1998,8.2,18,2,1,4,0,17.8,0.32,-0.2,-0.02,55,177,31.1,257,29,52.9,42.1,60,68.3,51,89,6,6.7,5,0.61,12.8,https://fbref.com/en/players/289b90cd/Markus-Schubert
2020,Union Berlin,Bundesliga,Rafał Gikiewicz,POL,GK,31,1987,33,54,3,0,9,1,51,0.3,-2,-0.06,412,890,46.3,1087,124,61.5,47.4,269,82.2,60.7,295,28,9.5,23,0.7,15.3,https://fbref.com/en/players/17376543/Rafal-Gikiewicz
2020,Union Berlin,Bundesliga,Moritz Nicolas,GER,GK,21,1997,1,4,0,0,1,0,2.9,0.36,-1.1,-1.15,8,20,40,29,0,55.2,44.7,7,57.1,48.9,4,0,0,1,1,13.7,https://fbref.com/en/players/226ddf9d/Moritz-Nicolas
2020,Werder Bremen,Bundesliga,Stefanos Kapino,GRE,GK,25,1994,1,2,0,0,0,0,1.4,0.29,-0.6,-0.57,9,18,50,25,8,48,40,9,66.7,45.6,19,0,0,1,1,13.4,https://fbref.com/en/players/62ba5881/Stefanos-Kapino
2020,Werder Bremen,Bundesliga,Jiří Pavlenka,CZE,GK,27,1992,33,67,1,1,13,3,49,0.28,-15,-0.45,245,580,42.2,904,162,45.8,39.3,296,56.1,44.7,356,14,3.9,23,0.7,14.3,https://fbref.com/en/players/0a1cb833/Jiri-Pavlenka
2020,Wolfsburg,Bundesliga,Koen Casteels,BEL,GK,27,1992,26,38,4,1,5,0,36.6,0.33,-1.4,-0.05,227,485,46.8,807,123,47,40.1,178,59.6,48.7,218,18,8.3,24,0.92,15.5,https://fbref.com/en/players/db401046/Koen-Casteels
2020,Wolfsburg,Bundesliga,Pavao Pervan,AUT,GK,31,1987,8,8,1,0,0,0,9.2,0.25,1.2,0.15,54,134,40.3,205,38,49.3,39.9,62,53.2,46.2,73,3,4.1,6,0.75,15,https://fbref.com/en/players/c89e8aae/Pavao-Pervan
2021,Arminia,Bundesliga,Stefan Ortega,GER,GK,27,1992,34,52,5,0,6,1,52.1,0.29,1.1,0.03,488,1038,47,1720,116,51.1,43.4,246,64.6,51.6,338,28,8.3,34,1,15.3,https://fbref.com/en/players/c1242d4e/Stefan-Ortega
2021,Augsburg,Bundesliga,Rafał Gikiewicz,POL,GK,32,1987,34,55,6,0,4,3,51.9,0.27,0.9,0.03,256,653,39.2,1101,215,43.4,37.5,298,58.7,46.8,401,26,6.5,26,0.76,14.4,https://fbref.com/en/players/17376543/Rafal-Gikiewicz
2021,Bayern Munich,Bundesliga,Manuel Neuer,GER,GK,34,1986,33,42,1,0,5,0,44.2,0.34,2.2,0.07,239,391,61.1,1131,189,30.9,32.1,186,22.6,29.1,228,6,2.6,42,1.27,16.5,https://fbref.com/en/players/8778c910/Manuel-Neuer
2021,Bayern Munich,Bundesliga,Alexander Nübel,GER,GK,23,1996,1,2,0,0,1,0,1.9,0.47,-0.1,-0.11,1,3,33.3,27,2,11.1,26.7,8,0,28.1,10,0,0,0,0,9.5,https://fbref.com/en/players/afb0c500/Alexander-Nubel
2021,Dortmund,Bundesliga,Roman Bürki,SUI,GK,29,1990,18.5,30,4,0,6,0,25.4,0.26,-4.6,-0.25,92,201,45.8,520,106,30.8,32.5,109,37.6,36.3,121,9,7.4,6,0.32,13.4,https://fbref.com/en/players/9d12e142/Roman-Burki
2021,Dortmund,Bundesliga,Marwin Hitz,SUI,GK,32,1987,15.5,16,2,0,1,1,15.8,0.33,0.8,0.05,94,181,51.9,427,69,28.3,31.9,123,48.8,41.7,92,7,7.6,7,0.45,14.3,https://fbref.com/en/players/2e7ff968/Marwin-Hitz
2021,Eint Frankfurt,Bundesliga,Elias Bördner,GER,GK,18,2002,1,1,0,0,0,0,0.8,0.13,-0.2,-0.24,4,18,22.2,32,9,50,38,11,18.2,23.7,10,0,0,0,0,7.5,https://fbref.com/en/players/8758ddf4/Elias-Bordner
2021,Eint Frankfurt,Bundesliga,Kevin Trapp,GER,GK,30,1990,33,52,4,1,7,2,44.7,0.29,-5.3,-0.16,257,640,40.2,1089,161,46.1,37.9,263,52.5,43.9,286,24,8.4,23,0.7,14.9,https://fbref.com/en/players/ce17b5eb/Kevin-Trapp
2021,Freiburg,Bundesliga,Mark Flekken,NED,GK,27,1993,3,6,2,0,0,0,7.4,0.39,1.4,0.46,31,64,48.4,98,9,42.9,41.4,27,81.5,65.7,32,1,3.1,1,0.33,12.3,https://fbref.com/en/players/a92ab7be/Mark-Flekken
2021,Freiburg,Bundesliga,Florian Müller,GER,GK,22,1997,31,46,2,2,3,2,47.1,0.3,3.1,0.1,189,587,32.2,1066,149,36.3,36.9,272,73.5,57.3,245,12,4.9,23,0.74,15.1,https://fbref.com/en/players/cbac6ec9/Florian-Muller
2021,Hertha BSC,Bundesliga,Rune Jarstein,NOR,GK,35,1984,8,13,1,0,2,1,10.1,0.28,-1.9,-0.24,60,153,39.2,210,25,51,41.7,74,62.2,47.9,75,7,9.3,4,0.5,12.8,https://fbref.com/en/players/27d2618c/Rune-Jarstein
2021,Hertha BSC,Bundesliga,Alexander Schwolow,GER,GK,28,1992,26,39,6,1,3,0,37,0.31,-2,-0.08,174,359,48.5,699,123,33.6,34.3,219,56.6,46.3,228,14,6.1,12,0.46,13.7,https://fbref.com/en/players/0d55d942/Alexander-Schwolow
2021,Hoffenheim,Bundesliga,Oliver Baumann,GER,GK,30,1990,31,51,6,0,4,2,48.1,0.33,-0.9,-0.03,190,459,41.4,1148,174,32.9,32.8,204,39.7,35.1,272,11,4,36,1.16,15.1,https://fbref.com/en/players/47064058/Oliver-Baumann
2021,Hoffenheim,Bundesliga,Philipp Pentke,GER,GK,35,1985,3,3,0,1,0,0,5,0.38,2,0.66,12,25,48,90,19,25.6,29.7,20,10,19.3,10,0,0,1,0.33,16.8,https://fbref.com/en/players/c41f7379/Philipp-Pentke
2021,Köln,Bundesliga,Timo Horn,GER,GK,27,1993,33.4,59,7,1,6,0,52.6,0.3,-6.4,-0.19,272,601,45.3,1111,117,45.2,39,215,46,40.4,269,9,3.3,23,0.69,14.1,https://fbref.com/en/players/3cd9e95a/Timo-Horn
2021,Köln,Bundesliga,Ron-Robert Zieler,GER,GK,31,1989,0.6,1,1,0,0,0,0.7,0.01,-0.3,-0.46,6,11,54.5,17,4,35.3,35,6,83.3,49.7,10,0,0,0,0,11.8,https://fbref.com/en/players/a0606ae8/Ron-Robert-Zieler
2021,Leverkusen,Bundesliga,Lennart Grill,GER,GK,21,1999,4,7,0,0,0,0,6.3,0.32,-0.7,-0.16,10,25,40,136,26,16.9,27.3,25,8,22.2,23,3,13,4,1,15.9,https://fbref.com/en/players/37998008/Lennart-Grill
2021,Leverkusen,Bundesliga,Lukáš Hrádecký,FIN,GK,30,1989,28.5,29,1,1,0,2,26.8,0.31,-0.2,-0.01,209,503,41.6,1215,180,35.9,34.8,176,38.1,34.2,208,21,10.1,31,1.09,16.2,https://fbref.com/en/players/ad3389d5/Lukas-Hradecky
2021,Leverkusen,Bundesliga,Niklas Lomb,GER,GK,27,1993,1.5,3,0,0,0,0,3.1,0.38,0.1,0.04,5,17,29.4,53,13,26.4,30.5,7,42.9,37.9,12,1,8.3,1,0.67,14.2,https://fbref.com/en/players/9321b8ed/Niklas-Lomb
2021,M'Gladbach,Bundesliga,Tobias Sippel,GER,GK,32,1988,3.8,6,0,0,2,0,7.1,0.37,1.1,0.29,37,86,43,101,12,51.5,42.9,46,73.9,58,56,3,5.4,4,1.05,16,https://fbref.com/en/players/0d8a37c2/Tobias-Sippel
2021,M'Gladbach,Bundesliga,Yann Sommer,SUI,GK,31,1988,30.1,50,6,0,5,0,43.1,0.31,-6.9,-0.23,180,390,46.2,1028,125,32,32.1,211,28.9,29.9,240,14,5.8,20,0.66,13.5,https://fbref.com/en/players/420c18a1/Yann-Sommer
2021,Mainz 05,Bundesliga,Finn Dahmen,GER,GK,22,1998,3,10,1,0,1,0,9.2,0.42,-0.8,-0.26,9,26,34.6,59,16,33.9,32.9,27,22.2,25.7,34,1,2.9,2,0.67,11.6,https://fbref.com/en/players/dee3013b/Finn-Dahmen
2021,Mainz 05,Bundesliga,Robin Zentner,GER,GK,25,1994,31,46,5,1,4,1,40.7,0.27,-4.3,-0.14,166,501,33.1,832,196,43.3,39.5,249,56.6,47.6,294,28,9.5,19,0.61,14,https://fbref.com/en/players/5c4bf6ba/Robin-Zentner
2021,RB Leipzig,Bundesliga,Péter Gulácsi,HUN,GK,30,1990,33,30,3,0,2,0,24.5,0.29,-5.5,-0.17,137,275,49.8,1003,171,24.2,30.3,166,19.3,27.5,186,12,6.5,53,1.61,18.7,https://fbref.com/en/players/bcb2ccd8/Peter-Gulacsi
2021,RB Leipzig,Bundesliga,Josep Martinez,ESP,GK,22,1998,1,2,0,0,1,0,2,0.49,0,-0.03,3,13,23.1,44,5,29.5,32,5,0,17.4,9,0,0,1,1,14.2,https://fbref.com/en/players/11d8aff0/Josep-Martinez
2021,Schalke 04,Bundesliga,Ralf Fährmann,GER,GK,31,1988,20.8,50,3,1,8,2,40.5,0.27,-7.5,-0.36,126,397,31.7,642,116,42.7,37.5,183,67.2,48.6,225,13,5.8,18,0.86,14.5,https://fbref.com/en/players/1e43fad8/Ralf-Fahrmann
2021,Schalke 04,Bundesliga,Michael Langer,AUT,GK,35,1985,2.7,12,0,0,5,1,8.7,0.36,-2.3,-0.85,11,35,31.4,50,7,44,38.2,26,50,39.3,23,0,0,3,1.13,15.1,https://fbref.com/en/players/d20f088b/Michael-Langer
2021,Schalke 04,Bundesliga,Frederik Rønnow,DEN,GK,27,1992,10.5,24,4,0,5,2,22.5,0.31,0.5,0.05,51,143,35.7,289,64,33.6,32.7,94,48.9,39.7,71,3,4.2,7,0.67,14.4,https://fbref.com/en/players/a70b8345/Frederik-Ronnow
2021,Stuttgart,Bundesliga,Fabian Bredlow,GER,GK,25,1995,1,1,0,0,0,0,2.4,0.27,1.4,1.41,2,11,18.2,27,5,37,33.1,9,11.1,27.6,17,1,5.9,0,0,10.3,https://fbref.com/en/players/d28339cb/Fabian-Bredlow
2021,Stuttgart,Bundesliga,Gregor Kobel,SUI,GK,22,1997,33,54,5,1,3,1,48.3,0.28,-4.7,-0.14,138,337,40.9,940,200,29.5,30.1,276,21.7,25.3,282,20,7.1,17,0.52,13.3,https://fbref.com/en/players/cd59b9df/Gregor-Kobel
2021,Union Berlin,Bundesliga,Loris Karius,GER,GK,27,1993,3.2,1,0,0,0,1,1.7,0.35,1.7,0.53,21,56,37.5,75,9,56,44.3,20,70,56.5,30,2,6.7,0,0,11.5,https://fbref.com/en/players/32e7ce92/Loris-Karius
2021,Union Berlin,Bundesliga,Andreas Luthe,GER,GK,33,1987,30.8,42,4,0,8,1,41.1,0.31,0.1,0,211,510,41.4,922,106,40.8,37.3,216,62,44.5,237,16,6.8,11,0.36,13.3,https://fbref.com/en/players/7fe12375/Andreas-Luthe
2021,Werder Bremen,Bundesliga,Jiří Pavlenka,CZE,GK,28,1992,34,57,4,0,7,3,47.4,0.28,-6.6,-0.19,242,521,46.4,865,165,42.7,37.6,283,53.7,43.4,360,21,5.8,22,0.65,14.1,https://fbref.com/en/players/0a1cb833/Jiri-Pavlenka
2021,Wolfsburg,Bundesliga,Koen Casteels,BEL,GK,28,1992,32,33,3,1,3,1,33.4,0.31,1.4,0.05,236,535,44.1,1045,157,38.3,36.4,203,66.5,52.1,257,21,8.2,34,1.06,15.7,https://fbref.com/en/players/db401046/Koen-Casteels
2021,Wolfsburg,Bundesliga,Pavao Pervan,AUT,GK,32,1987,2,4,0,0,2,0,4.7,0.34,0.7,0.35,15,32,46.9,53,6,39.6,36.3,18,61.1,49.7,20,2,10,0,0,11.8,https://fbref.com/en/players/c89e8aae/Pavao-Pervan
