Season_End_Year,Squad,Comp,Player,Nation,Pos,Age,Born,MP_Playing,Starts_Playing,Min_Playing,Mins_Per_90_Playing,GA,GA90,SoTA,Saves,Save_percent,W,D,L,CS,CS_percent,PKatt_Penalty,PKA_Penalty,PKsv_Penalty,PKm_Penalty,Save_percent_Penalty,Url
2018,Augsburg,Bundesliga,Marwin Hitz,SUI,GK,29,1987,32,32,2880,32,42,1.31,159,118,74.2,10,10,12,9,28.1,2,1,1,0,50,https://fbref.com/en/players/2e7ff968/Marwin-Hitz
2018,Augsburg,Bundesliga,Andreas Luthe,GER,GK,30,1987,2,2,180,2,4,2,6,3,50,0,1,1,0,0,1,1,0,0,0,https://fbref.com/en/players/7fe12375/Andreas-Luthe
2018,Bayern Munich,Bundesliga,Manuel Neuer,GER,GK,31,1986,3,3,270,3,2,0.67,8,6,75,2,0,1,2,66.7,0,0,0,0,NA,https://fbref.com/en/players/8778c910/Manuel-Neuer
2018,Bayern Munich,Bundesliga,Tom Starke,GER,GK,36,1981,2,2,180,2,0,0,6,6,100,2,0,0,2,100,0,0,0,0,NA,https://fbref.com/en/players/5b52d1f7/Tom-Starke
2018,Bayern Munich,Bundesliga,Sven Ulreich,GER,GK,28,1988,29,29,2610,29,26,0.9,79,57,68.4,23,3,3,12,41.4,5,1,4,0,80,https://fbref.com/en/players/7d3e7da6/Sven-Ulreich
2018,Dortmund,Bundesliga,Roman Bürki,SUI,GK,26,1990,33,33,2969,33,43,1.3,140,100,70.7,15,9,9,12,36.4,2,2,0,0,0,https://fbref.com/en/players/9d12e142/Roman-Burki
2018,Dortmund,Bundesliga,Roman Weidenfeller,GER,GK,36,1980,2,1,91,1,4,3.96,7,2,42.9,0,1,0,0,0,0,0,0,0,NA,https://fbref.com/en/players/16b8fabd/Roman-Weidenfeller
2018,Eint Frankfurt,Bundesliga,Lukáš Hrádecký,FIN,GK,27,1989,34,34,3060,34,45,1.32,133,91,67.7,14,7,13,7,20.6,3,2,0,1,0,https://fbref.com/en/players/ad3389d5/Lukas-Hradecky
2018,Freiburg,Bundesliga,Rafał Gikiewicz,POL,GK,29,1987,2,1,154,1.7,3,1.75,7,4,57.1,1,1,0,0,0,0,0,0,0,NA,https://fbref.com/en/players/17376543/Rafal-Gikiewicz
2018,Freiburg,Bundesliga,Alexander Schwolow,GER,GK,25,1992,33,33,2906,32.3,53,1.64,142,97,65.5,7,11,14,9,27.3,5,4,0,1,0,https://fbref.com/en/players/0d55d942/Alexander-Schwolow
2018,Hamburger SV,Bundesliga,Christian Mathenia,GER,GK,25,1992,24,24,2160,24,38,1.58,93,58,62.4,4,6,14,6,25,4,3,0,1,0,https://fbref.com/en/players/4a15e95b/Christian-Mathenia
2018,Hamburger SV,Bundesliga,Julian Pollersbeck,GER,GK,22,1994,10,10,900,10,15,1.5,47,31,68.1,4,1,5,1,10,0,0,0,0,NA,https://fbref.com/en/players/d6f6ce93/Julian-Pollersbeck
2018,Hannover 96,Bundesliga,Michael Esser,GER,GK,29,1987,3,3,270,3,9,3,21,12,57.1,1,0,2,0,0,1,0,0,1,NA,https://fbref.com/en/players/83e0eeb4/Michael-Esser
2018,Hannover 96,Bundesliga,Philipp Tschauner,GER,GK,31,1985,31,31,2790,31,45,1.45,152,107,71.7,9,9,13,5,16.1,3,2,0,1,0,https://fbref.com/en/players/73e2f6eb/Philipp-Tschauner
2018,Hertha BSC,Bundesliga,Rune Jarstein,NOR,GK,32,1984,31,31,2790,31,44,1.42,130,92,70,10,10,11,7,22.6,6,5,0,1,0,https://fbref.com/en/players/27d2618c/Rune-Jarstein
2018,Hertha BSC,Bundesliga,Thomas Kraft,GER,GK,29,1988,3,3,270,3,2,0.67,12,11,91.7,0,3,0,1,33.3,1,1,0,0,0,https://fbref.com/en/players/bb25c778/Thomas-Kraft
2018,Hoffenheim,Bundesliga,Oliver Baumann,GER,GK,27,1990,34,34,3060,34,48,1.41,146,104,69.2,15,10,9,10,29.4,4,3,1,0,25,https://fbref.com/en/players/47064058/Oliver-Baumann
2018,Köln,Bundesliga,Timo Horn,GER,GK,24,1993,34,34,3060,34,70,2.06,197,135,68.5,5,7,22,5,14.7,9,8,1,0,11.1,https://fbref.com/en/players/3cd9e95a/Timo-Horn
2018,Leverkusen,Bundesliga,Bernd Leno,GER,GK,25,1992,33,33,2970,33,40,1.21,104,68,66.3,15,10,8,10,30.3,5,5,0,0,0,https://fbref.com/en/players/2628fd2b/Bernd-Leno
2018,Leverkusen,Bundesliga,Ramazan Özcan,AUT,GK,33,1984,1,1,90,1,4,4,7,3,42.9,0,0,1,0,0,1,0,1,0,100,https://fbref.com/en/players/a165a577/Ramazan-Ozcan
2018,M'Gladbach,Bundesliga,Tobias Sippel,GER,GK,29,1988,5,4,435,4.8,10,2.07,24,14,58.3,1,0,4,1,25,0,0,0,0,NA,https://fbref.com/en/players/0d8a37c2/Tobias-Sippel
2018,M'Gladbach,Bundesliga,Yann Sommer,SUI,GK,28,1988,30,30,2625,29.2,42,1.44,145,106,73.8,12,8,9,6,20,4,4,0,0,0,https://fbref.com/en/players/420c18a1/Yann-Sommer
2018,Mainz 05,Bundesliga,René Adler,GER,GK,32,1985,14,14,1260,14,18,1.29,51,34,66.7,5,3,6,4,28.6,2,1,0,1,0,https://fbref.com/en/players/f71890f5/Rene-Adler
2018,Mainz 05,Bundesliga,Florian Müller,GER,GK,19,1997,5,5,450,5,7,1.4,19,11,63.2,1,1,3,1,20,1,0,1,0,100,https://fbref.com/en/players/cbac6ec9/Florian-Muller
2018,Mainz 05,Bundesliga,Robin Zentner,GER,GK,22,1994,15,15,1350,15,27,1.8,66,44,65.2,3,5,7,2,13.3,4,4,0,0,0,https://fbref.com/en/players/5c4bf6ba/Robin-Zentner
2018,RB Leipzig,Bundesliga,Péter Gulácsi,HUN,GK,27,1990,33,33,2970,33,52,1.58,143,95,67.1,15,8,10,6,18.2,5,5,0,0,0,https://fbref.com/en/players/bcb2ccd8/Peter-Gulacsi
2018,RB Leipzig,Bundesliga,Yvon Mvogo,SUI,GK,23,1994,1,1,90,1,1,1,4,3,75,0,0,1,0,0,0,0,0,0,NA,https://fbref.com/en/players/dc29b608/Yvon-Mvogo
2018,Schalke 04,Bundesliga,Ralf Fährmann,GER,GK,28,1988,34,34,3015,33.5,37,1.1,121,87,71.9,18,9,7,12,35.3,6,3,2,1,40,https://fbref.com/en/players/1e43fad8/Ralf-Fahrmann
2018,Schalke 04,Bundesliga,Alexander Nübel,GER,GK,20,1996,1,0,45,0.5,0,0,2,2,100,0,0,0,0,NA,0,0,0,0,NA,https://fbref.com/en/players/afb0c500/Alexander-Nubel
2018,Stuttgart,Bundesliga,Ron-Robert Zieler,GER,GK,28,1989,34,34,3060,34,36,1.06,146,113,78.1,15,6,13,12,35.3,6,4,2,0,33.3,https://fbref.com/en/players/a0606ae8/Ron-Robert-Zieler
2018,Werder Bremen,Bundesliga,Jiří Pavlenka,CZE,GK,25,1992,34,34,3060,34,40,1.18,157,119,75.8,10,12,12,8,23.5,4,2,1,1,33.3,https://fbref.com/en/players/0a1cb833/Jiri-Pavlenka
2018,Wolfsburg,Bundesliga,Koen Casteels,BEL,GK,25,1992,34,34,3060,34,48,1.41,143,102,70.6,6,15,13,8,23.5,10,6,3,1,33.3,https://fbref.com/en/players/db401046/Koen-Casteels
2019,Augsburg,Bundesliga,Fabian Giefer,GER,GK,28,1990,4,4,360,4,7,1.75,18,11,61.1,1,1,2,0,0,0,0,0,0,NA,https://fbref.com/en/players/fbefefdb/Fabian-Giefer
2019,Augsburg,Bundesliga,Gregor Kobel,SUI,GK,20,1997,16,16,1390,15.4,42,2.72,85,44,51.8,4,2,10,3,18.8,2,1,1,0,50,https://fbref.com/en/players/cd59b9df/Gregor-Kobel
2019,Augsburg,Bundesliga,Andreas Luthe,GER,GK,31,1987,15,14,1310,14.6,22,1.51,77,56,71.4,3,5,6,2,14.3,0,0,0,0,NA,https://fbref.com/en/players/7fe12375/Andreas-Luthe
2019,Bayern Munich,Bundesliga,Manuel Neuer,GER,GK,32,1986,26,26,2303,25.6,23,0.9,51,32,60.8,20,3,3,10,38.5,3,3,0,0,0,https://fbref.com/en/players/8778c910/Manuel-Neuer
2019,Bayern Munich,Bundesliga,Sven Ulreich,GER,GK,29,1988,9,8,757,8.4,9,1.07,20,13,65,4,3,1,2,25,3,2,0,1,0,https://fbref.com/en/players/7d3e7da6/Sven-Ulreich
2019,Dortmund,Bundesliga,Roman Bürki,SUI,GK,27,1990,32,32,2880,32,40,1.25,125,88,71.2,21,7,4,10,31.3,4,4,0,0,0,https://fbref.com/en/players/9d12e142/Roman-Burki
2019,Dortmund,Bundesliga,Marwin Hitz,SUI,GK,30,1987,2,2,180,2,4,2,5,1,20,2,0,0,0,0,1,0,0,1,NA,https://fbref.com/en/players/2e7ff968/Marwin-Hitz
2019,Düsseldorf,Bundesliga,Jaroslav Drobný,CZE,GK,38,1979,2,2,180,2,3,1.5,9,6,66.7,1,0,1,0,0,0,0,0,0,NA,https://fbref.com/en/players/e4a30d8c/Jaroslav-Drobny
2019,Düsseldorf,Bundesliga,Michael Rensing,GER,GK,34,1984,32,32,2880,32,62,1.94,164,107,66.5,12,5,15,5,15.6,7,7,0,0,0,https://fbref.com/en/players/c476b0c0/Michael-Rensing
2019,Eint Frankfurt,Bundesliga,Frederik Rønnow,DEN,GK,25,1992,2,1,122,1.4,0,0,8,8,100,1,0,0,1,100,0,0,0,0,NA,https://fbref.com/en/players/a70b8345/Frederik-Ronnow
2019,Eint Frankfurt,Bundesliga,Kevin Trapp,GER,GK,28,1990,33,33,2938,32.6,48,1.47,159,113,70.4,14,9,10,8,24.2,1,1,0,0,0,https://fbref.com/en/players/ce17b5eb/Kevin-Trapp
2019,Freiburg,Bundesliga,Mark Flekken,NED,GK,25,1993,1,1,90,1,1,1,5,4,80,1,0,0,0,0,0,0,0,0,NA,https://fbref.com/en/players/a92ab7be/Mark-Flekken
2019,Freiburg,Bundesliga,Alexander Schwolow,GER,GK,26,1992,33,33,2970,33,60,1.82,162,108,67.3,7,12,14,5,15.2,7,7,0,0,0,https://fbref.com/en/players/0d55d942/Alexander-Schwolow
2019,Hannover 96,Bundesliga,Michael Esser,GER,GK,30,1987,32,32,2880,32,67,2.09,209,149,70.3,5,6,21,5,15.6,6,5,1,0,16.7,https://fbref.com/en/players/83e0eeb4/Michael-Esser
2019,Hannover 96,Bundesliga,Samuel Şahin-Radlinger,AUT,GK,25,1992,1,1,90,1,2,2,6,4,66.7,0,0,1,0,0,0,0,0,0,NA,https://fbref.com/en/players/e385200c/Samuel-Sahin-Radlinger
2019,Hannover 96,Bundesliga,Philipp Tschauner,GER,GK,32,1985,1,1,90,1,3,3,5,3,60,0,0,1,0,0,1,1,0,0,0,https://fbref.com/en/players/73e2f6eb/Philipp-Tschauner
2019,Hertha BSC,Bundesliga,Rune Jarstein,NOR,GK,33,1984,31,31,2745,30.5,48,1.57,141,96,67.4,9,10,12,8,25.8,4,2,1,1,33.3,https://fbref.com/en/players/27d2618c/Rune-Jarstein
2019,Hertha BSC,Bundesliga,Thomas Kraft,GER,GK,30,1988,4,3,315,3.5,9,2.57,13,6,46.2,2,0,1,1,33.3,2,2,0,0,0,https://fbref.com/en/players/bb25c778/Thomas-Kraft
2019,Hoffenheim,Bundesliga,Oliver Baumann,GER,GK,28,1990,33,33,2970,33,51,1.55,159,114,71.7,12,12,9,5,15.2,7,6,1,0,14.3,https://fbref.com/en/players/47064058/Oliver-Baumann
2019,Hoffenheim,Bundesliga,Gregor Kobel,SUI,GK,20,1997,1,1,90,1,1,1,6,6,100,1,0,0,0,0,1,1,0,0,0,https://fbref.com/en/players/cd59b9df/Gregor-Kobel
2019,Leverkusen,Bundesliga,Lukáš Hrádecký,FIN,GK,28,1989,32,32,2880,32,49,1.53,125,83,63.2,18,4,10,9,28.1,4,3,1,0,25,https://fbref.com/en/players/ad3389d5/Lukas-Hradecky
2019,Leverkusen,Bundesliga,Ramazan Özcan,AUT,GK,34,1984,2,2,180,2,5,2.5,12,8,66.7,0,0,2,0,0,2,1,1,0,50,https://fbref.com/en/players/a165a577/Ramazan-Ozcan
2019,M'Gladbach,Bundesliga,Yann Sommer,SUI,GK,29,1988,34,34,3060,34,43,1.26,154,115,74,16,7,11,13,38.2,3,3,0,0,0,https://fbref.com/en/players/420c18a1/Yann-Sommer
2019,Mainz 05,Bundesliga,Florian Müller,GER,GK,20,1997,24,24,2160,24,43,1.79,118,78,66.1,8,3,13,5,20.8,4,3,0,1,0,https://fbref.com/en/players/cbac6ec9/Florian-Muller
2019,Mainz 05,Bundesliga,Robin Zentner,GER,GK,23,1994,10,10,900,10,14,1.4,51,37,72.5,4,4,2,2,20,0,0,0,0,NA,https://fbref.com/en/players/5c4bf6ba/Robin-Zentner
2019,Nürnberg,Bundesliga,Fabian Bredlow,GER,GK,23,1995,14,12,1127,12.5,28,2.24,60,32,55,2,3,7,2,16.7,3,1,1,1,50,https://fbref.com/en/players/d28339cb/Fabian-Bredlow
2019,Nürnberg,Bundesliga,Christian Mathenia,GER,GK,26,1992,22,22,1933,21.5,40,1.86,116,75,66.4,1,7,14,2,9.1,1,1,0,0,0,https://fbref.com/en/players/4a15e95b/Christian-Mathenia
2019,RB Leipzig,Bundesliga,Péter Gulácsi,HUN,GK,28,1990,33,33,2925,32.5,28,0.86,108,86,77.8,19,9,5,16,48.5,5,4,0,1,0,https://fbref.com/en/players/bcb2ccd8/Peter-Gulacsi
2019,RB Leipzig,Bundesliga,Yvon Mvogo,SUI,GK,24,1994,2,1,135,1.5,2,1.33,3,2,66.7,0,0,1,1,100,1,1,0,0,0,https://fbref.com/en/players/dc29b608/Yvon-Mvogo
2019,Schalke 04,Bundesliga,Ralf Fährmann,GER,GK,29,1988,17,16,1469,16.3,26,1.59,80,57,70,4,3,9,3,18.8,2,2,0,0,0,https://fbref.com/en/players/1e43fad8/Ralf-Fahrmann
2019,Schalke 04,Bundesliga,Alexander Nübel,GER,GK,21,1996,18,18,1588,17.6,29,1.64,77,49,66.2,4,6,8,4,22.2,4,3,1,0,25,https://fbref.com/en/players/afb0c500/Alexander-Nubel
2019,Stuttgart,Bundesliga,Ron-Robert Zieler,GER,GK,29,1989,34,34,3060,34,70,2.06,178,114,61.8,7,7,20,6,17.6,3,2,0,1,0,https://fbref.com/en/players/a0606ae8/Ron-Robert-Zieler
2019,Werder Bremen,Bundesliga,Stefanos Kapino,GRE,GK,24,1994,1,0,45,0.5,1,2,3,2,66.7,0,0,0,0,NA,0,0,0,0,NA,https://fbref.com/en/players/62ba5881/Stefanos-Kapino
2019,Werder Bremen,Bundesliga,Jiří Pavlenka,CZE,GK,26,1992,34,34,2978,33.1,47,1.42,153,108,71.2,14,11,9,5,14.7,4,3,0,1,0,https://fbref.com/en/players/0a1cb833/Jiri-Pavlenka
2019,Werder Bremen,Bundesliga,Luca Plogmann,GER,GK,18,2000,1,0,37,0.4,1,2.43,0,0,NA,0,0,0,0,NA,1,1,0,0,0,https://fbref.com/en/players/206c37d3/Luca-Plogmann
2019,Wolfsburg,Bundesliga,Koen Casteels,BEL,GK,26,1992,26,26,2295,25.5,39,1.53,121,86,71.1,11,6,9,8,30.8,5,4,1,0,20,https://fbref.com/en/players/db401046/Koen-Casteels
2019,Wolfsburg,Bundesliga,Pavao Pervan,AUT,GK,30,1987,10,8,765,8.5,11,1.29,41,29,73.2,5,1,2,1,12.5,1,0,0,1,NA,https://fbref.com/en/players/c89e8aae/Pavao-Pervan
2020,Augsburg,Bundesliga,Tomáš Koubek,CZE,GK,26,1992,24,24,2160,24,51,2.12,122,72,58.2,6,6,12,4,16.7,1,0,1,0,100,https://fbref.com/en/players/dc366c36/Tomas-Koubek
2020,Augsburg,Bundesliga,Andreas Luthe,GER,GK,32,1987,10,10,900,10,12,1.2,35,23,65.7,3,3,4,3,30,0,0,0,0,NA,https://fbref.com/en/players/7fe12375/Andreas-Luthe
2020,Bayern Munich,Bundesliga,Manuel Neuer,GER,GK,33,1986,33,33,2970,33,31,0.94,111,84,74.8,25,4,4,15,45.5,4,3,1,0,25,https://fbref.com/en/players/8778c910/Manuel-Neuer
2020,Bayern Munich,Bundesliga,Sven Ulreich,GER,GK,30,1988,2,2,90,1,1,1,3,2,66.7,1,0,0,0,0,0,0,0,0,NA,https://fbref.com/en/players/7d3e7da6/Sven-Ulreich
2020,Dortmund,Bundesliga,Roman Bürki,SUI,GK,28,1990,31,31,2770,30.8,40,1.3,93,59,60.2,19,5,7,13,41.9,3,3,0,0,0,https://fbref.com/en/players/9d12e142/Roman-Burki
2020,Dortmund,Bundesliga,Marwin Hitz,SUI,GK,31,1987,4,3,290,3.2,1,0.31,7,6,85.7,2,1,0,3,100,0,0,0,0,NA,https://fbref.com/en/players/2e7ff968/Marwin-Hitz
2020,Düsseldorf,Bundesliga,Florian Kastenmeier,GER,GK,22,1997,17,17,1530,17,31,1.82,76,50,61.8,2,9,6,2,11.8,3,2,1,0,33.3,https://fbref.com/en/players/dc2e4736/Florian-Kastenmeier
2020,Düsseldorf,Bundesliga,Zack Steffen,USA,GK,24,1995,17,17,1530,17,36,2.12,95,61,63.2,4,3,10,2,11.8,2,1,1,0,50,https://fbref.com/en/players/42130443/Zack-Steffen
2020,Eint Frankfurt,Bundesliga,Frederik Rønnow,DEN,GK,26,1992,9,9,810,9,14,1.56,47,35,74.5,2,3,4,1,11.1,2,2,0,0,0,https://fbref.com/en/players/a70b8345/Frederik-Ronnow
2020,Eint Frankfurt,Bundesliga,Kevin Trapp,GER,GK,29,1990,22,22,1980,22,38,1.73,104,69,64.4,11,3,8,4,18.2,1,1,0,0,0,https://fbref.com/en/players/ce17b5eb/Kevin-Trapp
2020,Eint Frankfurt,Bundesliga,Felix Wiedwald,GER,GK,29,1990,3,3,270,3,8,2.67,21,13,61.9,0,0,3,0,0,0,0,0,0,NA,https://fbref.com/en/players/e2d34771/Felix-Wiedwald
2020,Freiburg,Bundesliga,Mark Flekken,NED,GK,26,1993,10,10,900,10,14,1.4,70,54,80,4,3,3,3,30,1,0,0,1,NA,https://fbref.com/en/players/a92ab7be/Mark-Flekken
2020,Freiburg,Bundesliga,Alexander Schwolow,GER,GK,27,1992,24,24,2091,23.2,32,1.38,114,83,74.6,9,6,9,4,16.7,3,3,0,0,0,https://fbref.com/en/players/0d55d942/Alexander-Schwolow
2020,Freiburg,Bundesliga,Niclas Thiede,GER,GK,20,1999,1,0,69,0.8,1,1.3,4,3,75,0,0,0,0,NA,0,0,0,0,NA,https://fbref.com/en/players/cac55e10/Niclas-Thiede
2020,Hertha BSC,Bundesliga,Rune Jarstein,NOR,GK,34,1984,29,29,2547,28.3,46,1.63,131,94,70.2,11,5,13,9,31,7,7,0,0,0,https://fbref.com/en/players/27d2618c/Rune-Jarstein
2020,Hertha BSC,Bundesliga,Thomas Kraft,GER,GK,31,1988,4,4,360,4,9,2.25,20,11,55,0,3,1,0,0,0,0,0,0,NA,https://fbref.com/en/players/bb25c778/Thomas-Kraft
2020,Hertha BSC,Bundesliga,Dennis Smarsch,GER,GK,20,1999,2,1,151,1.7,4,2.38,11,7,63.6,0,0,1,0,0,0,0,0,0,NA,https://fbref.com/en/players/45f6f52b/Dennis-Smarsch
2020,Hoffenheim,Bundesliga,Oliver Baumann,GER,GK,29,1990,30,30,2700,30,49,1.63,143,101,69.2,13,7,10,7,23.3,7,5,2,0,28.6,https://fbref.com/en/players/47064058/Oliver-Baumann
2020,Hoffenheim,Bundesliga,Philipp Pentke,GER,GK,34,1985,4,4,360,4,4,1,20,16,85,2,0,2,1,25,1,1,0,0,0,https://fbref.com/en/players/c41f7379/Philipp-Pentke
2020,Köln,Bundesliga,Timo Horn,GER,GK,26,1993,34,34,3060,34,69,2.03,152,87,57.2,10,6,18,6,17.6,6,4,2,0,33.3,https://fbref.com/en/players/3cd9e95a/Timo-Horn
2020,Leverkusen,Bundesliga,Lukáš Hrádecký,FIN,GK,29,1989,34,34,3060,34,44,1.29,137,92,69.3,19,6,9,10,29.4,2,2,0,0,0,https://fbref.com/en/players/ad3389d5/Lukas-Hradecky
2020,M'Gladbach,Bundesliga,Yann Sommer,SUI,GK,30,1988,34,34,3060,34,40,1.18,152,110,74.3,20,5,9,7,20.6,2,1,1,0,50,https://fbref.com/en/players/420c18a1/Yann-Sommer
2020,Mainz 05,Bundesliga,Florian Müller,GER,GK,21,1997,13,12,1125,12.5,25,2,64,41,64.1,3,2,7,2,16.7,3,2,1,0,33.3,https://fbref.com/en/players/cbac6ec9/Florian-Muller
2020,Mainz 05,Bundesliga,Robin Zentner,GER,GK,24,1994,22,22,1935,21.5,40,1.86,113,75,65.5,8,2,12,3,13.6,2,1,1,0,50,https://fbref.com/en/players/5c4bf6ba/Robin-Zentner
2020,Paderborn 07,Bundesliga,Jannik Huth,GER,GK,25,1994,6,6,540,6,17,2.83,32,16,50,0,1,5,0,0,1,1,0,0,0,https://fbref.com/en/players/e8fd2e5b/Jannik-Huth
2020,Paderborn 07,Bundesliga,Leopold Zingerle,GER,GK,25,1994,28,28,2520,28,57,2.04,147,95,63.3,4,7,17,5,17.9,4,3,1,0,25,https://fbref.com/en/players/bf9d9070/Leopold-Zingerle
2020,RB Leipzig,Bundesliga,Péter Gulácsi,HUN,GK,29,1990,32,32,2880,32,34,1.06,117,82,72.6,16,12,4,10,31.3,2,2,0,0,0,https://fbref.com/en/players/bcb2ccd8/Peter-Gulacsi
2020,RB Leipzig,Bundesliga,Yvon Mvogo,SUI,GK,25,1994,2,2,180,2,3,1.5,5,2,40,2,0,0,0,0,0,0,0,0,NA,https://fbref.com/en/players/dc29b608/Yvon-Mvogo
2020,Schalke 04,Bundesliga,Alexander Nübel,GER,GK,22,1996,26,26,2315,25.7,40,1.56,114,79,68.4,8,9,9,6,23.1,4,4,0,0,0,https://fbref.com/en/players/afb0c500/Alexander-Nubel
2020,Schalke 04,Bundesliga,Markus Schubert,GER,GK,21,1998,9,8,742,8.2,18,2.18,52,35,69.2,1,3,4,2,25,2,2,0,0,0,https://fbref.com/en/players/289b90cd/Markus-Schubert
2020,Union Berlin,Bundesliga,Rafał Gikiewicz,POL,GK,31,1987,33,33,2970,33,54,1.64,160,109,68.1,12,5,16,8,24.2,4,3,1,0,25,https://fbref.com/en/players/17376543/Rafal-Gikiewicz
2020,Union Berlin,Bundesliga,Moritz Nicolas,GER,GK,21,1997,1,1,90,1,4,4,8,4,50,0,0,1,0,0,0,0,0,0,NA,https://fbref.com/en/players/226ddf9d/Moritz-Nicolas
2020,Werder Bremen,Bundesliga,Stefanos Kapino,GRE,GK,25,1994,1,1,90,1,2,2,5,3,60,0,1,0,0,0,0,0,0,0,NA,https://fbref.com/en/players/62ba5881/Stefanos-Kapino
2020,Werder Bremen,Bundesliga,Jiří Pavlenka,CZE,GK,27,1992,33,33,2970,33,67,2.03,170,106,61.2,8,6,19,4,12.1,1,1,0,0,0,https://fbref.com/en/players/0a1cb833/Jiri-Pavlenka
2020,Wolfsburg,Bundesliga,Koen Casteels,BEL,GK,27,1992,26,26,2340,26,38,1.46,104,69,67.3,11,6,9,5,19.2,4,4,0,0,0,https://fbref.com/en/players/db401046/Koen-Casteels
2020,Wolfsburg,Bundesliga,Pavao Pervan,AUT,GK,31,1987,8,8,720,8,8,1,36,29,80.6,2,4,2,3,37.5,1,1,0,0,0,https://fbref.com/en/players/c89e8aae/Pavao-Pervan
2021,Arminia,Bundesliga,Stefan Ortega,GER,GK,27,1992,34,34,3060,34,52,1.53,166,119,71.7,9,8,17,11,32.4,6,5,1,0,16.7,https://fbref.com/en/players/c1242d4e/Stefan-Ortega
2021,Augsburg,Bundesliga,Rafał Gikiewicz,POL,GK,32,1987,34,34,3060,34,55,1.62,172,124,71.5,10,6,18,7,20.6,10,6,2,2,25,https://fbref.com/en/players/17376543/Rafal-Gikiewicz
2021,Bayern Munich,Bundesliga,Manuel Neuer,GER,GK,34,1986,33,33,2970,33,42,1.27,126,83,67.5,24,5,4,9,27.3,3,1,1,1,50,https://fbref.com/en/players/8778c910/Manuel-Neuer
2021,Bayern Munich,Bundesliga,Alexander Nübel,GER,GK,23,1996,1,1,90,1,2,2,4,2,50,0,1,0,0,0,0,0,0,0,NA,https://fbref.com/en/players/afb0c500/Alexander-Nubel
2021,Dortmund,Bundesliga,Roman Bürki,SUI,GK,29,1990,19,18,1665,18.5,30,1.62,89,63,70.8,9,2,7,4,22.2,4,4,0,0,0,https://fbref.com/en/players/9d12e142/Roman-Burki
2021,Dortmund,Bundesliga,Marwin Hitz,SUI,GK,32,1987,16,16,1395,15.5,16,1.03,42,27,66.7,11,2,3,7,43.8,2,2,0,0,0,https://fbref.com/en/players/2e7ff968/Marwin-Hitz
2021,Eint Frankfurt,Bundesliga,Elias Bördner,GER,GK,18,2002,1,1,90,1,1,1,6,5,83.3,1,0,0,0,0,0,0,0,0,NA,https://fbref.com/en/players/8758ddf4/Elias-Bordner
2021,Eint Frankfurt,Bundesliga,Kevin Trapp,GER,GK,30,1990,33,33,2970,33,52,1.58,143,97,66.4,15,12,6,4,12.1,6,4,1,1,20,https://fbref.com/en/players/ce17b5eb/Kevin-Trapp
2021,Freiburg,Bundesliga,Mark Flekken,NED,GK,27,1993,3,3,270,3,6,2,16,12,75,1,1,1,0,0,3,2,0,1,0,https://fbref.com/en/players/a92ab7be/Mark-Flekken
2021,Freiburg,Bundesliga,Florian Müller,GER,GK,22,1997,31,31,2790,31,46,1.48,152,110,71.1,11,8,12,6,19.4,3,2,1,0,33.3,https://fbref.com/en/players/cbac6ec9/Florian-Muller
2021,Hertha BSC,Bundesliga,Rune Jarstein,NOR,GK,35,1984,8,8,720,8,13,1.62,31,20,61.3,2,1,5,1,12.5,2,1,1,0,50,https://fbref.com/en/players/27d2618c/Rune-Jarstein
2021,Hertha BSC,Bundesliga,Alexander Schwolow,GER,GK,28,1992,26,26,2340,26,39,1.5,103,70,68,6,10,10,8,30.8,6,6,0,0,0,https://fbref.com/en/players/0d55d942/Alexander-Schwolow
2021,Hoffenheim,Bundesliga,Oliver Baumann,GER,GK,30,1990,31,31,2790,31,51,1.65,126,81,64.3,10,8,13,6,19.4,9,6,2,1,25,https://fbref.com/en/players/47064058/Oliver-Baumann
2021,Hoffenheim,Bundesliga,Philipp Pentke,GER,GK,35,1985,3,3,270,3,3,1,13,10,76.9,1,2,0,0,0,0,0,0,0,NA,https://fbref.com/en/players/c41f7379/Philipp-Pentke
2021,Köln,Bundesliga,Timo Horn,GER,GK,27,1993,34,34,3009,33.4,59,1.76,150,98,65.3,8,9,17,5,14.7,8,7,1,0,12.5,https://fbref.com/en/players/3cd9e95a/Timo-Horn
2021,Köln,Bundesliga,Ron-Robert Zieler,GER,GK,31,1989,1,0,51,0.6,1,1.76,2,2,100,0,0,0,0,NA,1,1,0,0,0,https://fbref.com/en/players/a0606ae8/Ron-Robert-Zieler
2021,Leverkusen,Bundesliga,Lennart Grill,GER,GK,21,1999,4,4,360,4,7,1.75,20,13,65,1,0,3,1,25,0,0,0,0,NA,https://fbref.com/en/players/37998008/Lennart-Grill
2021,Leverkusen,Bundesliga,Lukáš Hrádecký,FIN,GK,30,1989,29,29,2565,28.5,29,1.02,82,56,65.9,13,9,7,8,27.6,2,1,1,0,50,https://fbref.com/en/players/ad3389d5/Lukas-Hradecky
2021,Leverkusen,Bundesliga,Niklas Lomb,GER,GK,27,1993,2,1,135,1.5,3,2,8,5,62.5,0,1,0,0,0,0,0,0,0,NA,https://fbref.com/en/players/9321b8ed/Niklas-Lomb
2021,M'Gladbach,Bundesliga,Tobias Sippel,GER,GK,32,1988,4,3,344,3.8,6,1.57,19,12,68.4,1,1,1,1,33.3,0,0,0,0,NA,https://fbref.com/en/players/0d8a37c2/Tobias-Sippel
2021,M'Gladbach,Bundesliga,Yann Sommer,SUI,GK,31,1988,31,31,2712,30.1,50,1.66,124,79,64.5,12,9,10,6,19.4,6,6,0,0,0,https://fbref.com/en/players/420c18a1/Yann-Sommer
2021,Mainz 05,Bundesliga,Finn Dahmen,GER,GK,22,1998,3,3,270,3,10,3.33,20,11,55,1,0,2,0,0,1,1,0,0,0,https://fbref.com/en/players/dee3013b/Finn-Dahmen
2021,Mainz 05,Bundesliga,Robin Zentner,GER,GK,25,1994,31,31,2790,31,46,1.48,135,93,69.6,9,9,13,5,16.1,6,5,0,1,0,https://fbref.com/en/players/5c4bf6ba/Robin-Zentner
2021,RB Leipzig,Bundesliga,Péter Gulácsi,HUN,GK,30,1990,33,33,2970,33,30,0.91,77,48,64.9,19,8,6,15,45.5,3,3,0,0,0,https://fbref.com/en/players/bcb2ccd8/Peter-Gulacsi
2021,RB Leipzig,Bundesliga,Josep Martinez,ESP,GK,22,1998,1,1,90,1,2,2,4,2,50,0,0,1,0,0,0,0,0,0,NA,https://fbref.com/en/players/11d8aff0/Josep-Martinez
2021,Schalke 04,Bundesliga,Ralf Fährmann,GER,GK,31,1988,22,22,1876,20.8,50,2.4,139,94,66.2,3,3,16,3,13.6,4,3,1,0,25,https://fbref.com/en/players/1e43fad8/Ralf-Fahrmann
2021,Schalke 04,Bundesliga,Michael Langer,AUT,GK,35,1985,3,2,239,2.7,12,4.52,24,13,50,0,0,2,0,0,0,0,0,0,NA,https://fbref.com/en/players/d20f088b/Michael-Langer
2021,Schalke 04,Bundesliga,Frederik Rønnow,DEN,GK,27,1992,11,10,945,10.5,24,2.29,64,46,68.8,0,4,6,1,10,4,4,0,0,0,https://fbref.com/en/players/a70b8345/Frederik-Ronnow
2021,Stuttgart,Bundesliga,Fabian Bredlow,GER,GK,25,1995,1,1,90,1,1,1,9,8,88.9,1,0,0,0,0,0,0,0,0,NA,https://fbref.com/en/players/d28339cb/Fabian-Bredlow
2021,Stuttgart,Bundesliga,Gregor Kobel,SUI,GK,22,1997,33,33,2970,33,54,1.64,155,105,68.4,11,9,13,5,15.2,7,5,2,0,28.6,https://fbref.com/en/players/cd59b9df/Gregor-Kobel
2021,Union Berlin,Bundesliga,Loris Karius,GER,GK,27,1993,4,3,292,3.2,1,0.31,5,5,80,1,2,0,2,66.7,0,0,0,0,NA,https://fbref.com/en/players/32e7ce92/Loris-Karius
2021,Union Berlin,Bundesliga,Andreas Luthe,GER,GK,33,1987,31,31,2768,30.8,42,1.37,123,84,69.1,11,12,8,5,16.1,5,4,1,0,20,https://fbref.com/en/players/7fe12375/Andreas-Luthe
2021,Werder Bremen,Bundesliga,Jiří Pavlenka,CZE,GK,28,1992,34,34,3060,34,57,1.68,150,100,64.7,7,10,17,6,17.6,6,4,2,0,33.3,https://fbref.com/en/players/0a1cb833/Jiri-Pavlenka
2021,Wolfsburg,Bundesliga,Koen Casteels,BEL,GK,28,1992,32,32,2880,32,33,1.03,101,72,70.3,17,9,6,14,43.8,5,3,2,0,40,https://fbref.com/en/players/db401046/Koen-Casteels
2021,Wolfsburg,Bundesliga,Pavao Pervan,AUT,GK,32,1987,2,2,180,2,4,2,14,9,71.4,0,1,1,0,0,0,0,0,0,NA,https://fbref.com/en/players/c89e8aae/Pavao-Pervan
